session_id,play_id,camera_slot,camera_name,camera_target,video_type,azure_blob,azure_md5,cloudinary_url,cloudinary_public_id,uploaded_at
878ebe94-97a2-4dd0-af7c-47bf8c8df6a3,18269230-ec08-448f-a5ac-d88b3d09da97,VideoClip,NA,NA,EdgertronicVideos,Plays/18269230-ec08-448f-a5ac-d88b3d09da97/Edgertronic/ace9b065-3ada-4663-b37e-65463c531664.mov,Frg5QUaw+YZZHshpuRMNow==,https://res.cloudinary.com/pitchingcoachu/video/upload/v1768340409/trackman/878ebe94-97a2-4dd0-af7c-47bf8c8df6a3/VideoClip/18269230-ec0.mp4,trackman/878ebe94-97a2-4dd0-af7c-47bf8c8df6a3/VideoClip/18269230-ec0,2026-01-13 21:43:44
878ebe94-97a2-4dd0-af7c-47bf8c8df6a3,1b4f8bb0-92b0-4822-9929-45fa7575c0c3,VideoClip,NA,NA,EdgertronicVideos,Plays/1b4f8bb0-92b0-4822-9929-45fa7575c0c3/Edgertronic/40fb407a-7e02-431b-b214-07f0589bc294.mov,GUrawLQ8EJimnlusp60nmA==,https://res.cloudinary.com/pitchingcoachu/video/upload/v1768340411/trackman/878ebe94-97a2-4dd0-af7c-47bf8c8df6a3/VideoClip/1b4f8bb0-92b.mp4,trackman/878ebe94-97a2-4dd0-af7c-47bf8c8df6a3/VideoClip/1b4f8bb0-92b,2026-01-13 21:43:44
878ebe94-97a2-4dd0-af7c-47bf8c8df6a3,1bea8a05-d433-4ccf-a092-d23736a69ef8,VideoClip,NA,NA,EdgertronicVideos,Plays/1bea8a05-d433-4ccf-a092-d23736a69ef8/Edgertronic/4dc2b123-ac6a-43d7-ba91-4f08620841ff.mov,Idsj4IIGolDt+zkZzydwgw==,https://res.cloudinary.com/pitchingcoachu/video/upload/v1768340412/trackman/878ebe94-97a2-4dd0-af7c-47bf8c8df6a3/VideoClip/1bea8a05-d43.mp4,trackman/878ebe94-97a2-4dd0-af7c-47bf8c8df6a3/VideoClip/1bea8a05-d43,2026-01-13 21:43:44
878ebe94-97a2-4dd0-af7c-47bf8c8df6a3,226b7c3b-8cf0-4ec1-bdee-5b12c483a137,VideoClip,NA,NA,EdgertronicVideos,Plays/226b7c3b-8cf0-4ec1-bdee-5b12c483a137/Edgertronic/83ef32d7-44b0-43a8-b804-4e92c5136c58.mov,dauzPZk7cOiQpUoR1pDtHw==,https://res.cloudinary.com/pitchingcoachu/video/upload/v1768340414/trackman/878ebe94-97a2-4dd0-af7c-47bf8c8df6a3/VideoClip/226b7c3b-8cf.mp4,trackman/878ebe94-97a2-4dd0-af7c-47bf8c8df6a3/VideoClip/226b7c3b-8cf,2026-01-13 21:43:44
878ebe94-97a2-4dd0-af7c-47bf8c8df6a3,2e943a79-fc09-403a-afd2-f98640647ba9,VideoClip,NA,NA,EdgertronicVideos,Plays/2e943a79-fc09-403a-afd2-f98640647ba9/Edgertronic/2f634e9c-3784-4023-9aa2-7250f3f06351.mov,inEB1egXsq0YGSds9WgdxA==,https://res.cloudinary.com/pitchingcoachu/video/upload/v1768340415/trackman/878ebe94-97a2-4dd0-af7c-47bf8c8df6a3/VideoClip/2e943a79-fc0.mp4,trackman/878ebe94-97a2-4dd0-af7c-47bf8c8df6a3/VideoClip/2e943a79-fc0,2026-01-13 21:43:45
878ebe94-97a2-4dd0-af7c-47bf8c8df6a3,3abbcf99-a827-4ac9-8a73-d5df73e23d6d,VideoClip,NA,NA,EdgertronicVideos,Plays/3abbcf99-a827-4ac9-8a73-d5df73e23d6d/Edgertronic/8763e230-53a8-4689-9ddb-9c367933d5b8.mov,dQi9jUqKbjhqDEhDmOXg7w==,https://res.cloudinary.com/pitchingcoachu/video/upload/v1768340417/trackman/878ebe94-97a2-4dd0-af7c-47bf8c8df6a3/VideoClip/3abbcf99-a82.mp4,trackman/878ebe94-97a2-4dd0-af7c-47bf8c8df6a3/VideoClip/3abbcf99-a82,2026-01-13 21:43:45
878ebe94-97a2-4dd0-af7c-47bf8c8df6a3,4784a9b6-e84c-4f87-8f04-e0720486ca8e,VideoClip,NA,NA,EdgertronicVideos,Plays/4784a9b6-e84c-4f87-8f04-e0720486ca8e/Edgertronic/fb4ec671-d26b-443a-b427-28a5254f9a4f.mov,OUTAZcS/l3J1y6CROj8lQw==,https://res.cloudinary.com/pitchingcoachu/video/upload/v1768340419/trackman/878ebe94-97a2-4dd0-af7c-47bf8c8df6a3/VideoClip/4784a9b6-e84.mp4,trackman/878ebe94-97a2-4dd0-af7c-47bf8c8df6a3/VideoClip/4784a9b6-e84,2026-01-13 21:43:45
878ebe94-97a2-4dd0-af7c-47bf8c8df6a3,51104d67-085b-481b-a1a9-09fded47f2f6,VideoClip,NA,NA,EdgertronicVideos,Plays/51104d67-085b-481b-a1a9-09fded47f2f6/Edgertronic/24326143-0a30-4048-b6fc-89c9e9c892dd.mov,2pthAoMxFme9Qp/FIQ3sTg==,https://res.cloudinary.com/pitchingcoachu/video/upload/v1768340423/trackman/878ebe94-97a2-4dd0-af7c-47bf8c8df6a3/VideoClip/51104d67-085.mp4,trackman/878ebe94-97a2-4dd0-af7c-47bf8c8df6a3/VideoClip/51104d67-085,2026-01-13 21:43:45
878ebe94-97a2-4dd0-af7c-47bf8c8df6a3,77fa7d58-3df9-4381-a842-325d1bea5966,VideoClip,NA,NA,EdgertronicVideos,Plays/77fa7d58-3df9-4381-a842-325d1bea5966/Edgertronic/248d7088-3120-4836-8cb2-5d91d0d1775e.mov,nIbwMpcenwU/RxVFWYh93w==,https://res.cloudinary.com/pitchingcoachu/video/upload/v1768340425/trackman/878ebe94-97a2-4dd0-af7c-47bf8c8df6a3/VideoClip/77fa7d58-3df.mp4,trackman/878ebe94-97a2-4dd0-af7c-47bf8c8df6a3/VideoClip/77fa7d58-3df,2026-01-13 21:43:46
878ebe94-97a2-4dd0-af7c-47bf8c8df6a3,870deb94-4a5a-4b30-8bf9-9d8fe321ea44,VideoClip,NA,NA,EdgertronicVideos,Plays/870deb94-4a5a-4b30-8bf9-9d8fe321ea44/Edgertronic/6cb75a15-140b-452f-88b8-040881e247ed.mov,SeToXtPhaK5gVCbUEP7CdQ==,https://res.cloudinary.com/pitchingcoachu/video/upload/v1768340426/trackman/878ebe94-97a2-4dd0-af7c-47bf8c8df6a3/VideoClip/870deb94-4a5.mp4,trackman/878ebe94-97a2-4dd0-af7c-47bf8c8df6a3/VideoClip/870deb94-4a5,2026-01-13 21:43:46
878ebe94-97a2-4dd0-af7c-47bf8c8df6a3,8a5bb462-e373-4b57-8b26-6cfc8586ce48,VideoClip,NA,NA,EdgertronicVideos,Plays/8a5bb462-e373-4b57-8b26-6cfc8586ce48/Edgertronic/669de348-f104-4c20-85ab-bdf27903ad22.mov,g2MbEfy/zce8+dyOjZvweA==,https://res.cloudinary.com/pitchingcoachu/video/upload/v1768340428/trackman/878ebe94-97a2-4dd0-af7c-47bf8c8df6a3/VideoClip/8a5bb462-e37.mp4,trackman/878ebe94-97a2-4dd0-af7c-47bf8c8df6a3/VideoClip/8a5bb462-e37,2026-01-13 21:43:46
878ebe94-97a2-4dd0-af7c-47bf8c8df6a3,8fe6f445-c350-460b-8f7b-58bdd79daf89,VideoClip,NA,NA,EdgertronicVideos,Plays/8fe6f445-c350-460b-8f7b-58bdd79daf89/Edgertronic/302f4cb8-f215-429e-a016-dc0469e0f0ef.mov,qt+TkkRK/YTqgCyNTwsD1w==,https://res.cloudinary.com/pitchingcoachu/video/upload/v1768340430/trackman/878ebe94-97a2-4dd0-af7c-47bf8c8df6a3/VideoClip/8fe6f445-c35.mp4,trackman/878ebe94-97a2-4dd0-af7c-47bf8c8df6a3/VideoClip/8fe6f445-c35,2026-01-13 21:43:46
878ebe94-97a2-4dd0-af7c-47bf8c8df6a3,997458c8-cdec-4c2d-b4a5-9db83d918d87,VideoClip,NA,NA,EdgertronicVideos,Plays/997458c8-cdec-4c2d-b4a5-9db83d918d87/Edgertronic/897ec407-08ee-4b94-82e8-beb96deffd9b.mov,R0nHy+7X/L7Uv2XoMOZPfg==,https://res.cloudinary.com/pitchingcoachu/video/upload/v1768340432/trackman/878ebe94-97a2-4dd0-af7c-47bf8c8df6a3/VideoClip/997458c8-cde.mp4,trackman/878ebe94-97a2-4dd0-af7c-47bf8c8df6a3/VideoClip/997458c8-cde,2026-01-13 21:43:47
878ebe94-97a2-4dd0-af7c-47bf8c8df6a3,b1f39e53-28ad-450c-812c-512eb3530348,VideoClip,NA,NA,EdgertronicVideos,Plays/b1f39e53-28ad-450c-812c-512eb3530348/Edgertronic/33e681a4-56c8-47c7-a820-4a530853d83c.mov,9q/xGVakzrLyW7Z+8kdUhA==,https://res.cloudinary.com/pitchingcoachu/video/upload/v1768340434/trackman/878ebe94-97a2-4dd0-af7c-47bf8c8df6a3/VideoClip/b1f39e53-28a.mp4,trackman/878ebe94-97a2-4dd0-af7c-47bf8c8df6a3/VideoClip/b1f39e53-28a,2026-01-13 21:43:47
878ebe94-97a2-4dd0-af7c-47bf8c8df6a3,b33df09e-1d29-4b34-96c9-ae0e466cae03,VideoClip,NA,NA,EdgertronicVideos,Plays/b33df09e-1d29-4b34-96c9-ae0e466cae03/Edgertronic/ff66a1ea-2bf9-4551-b276-e25b5a721703.mov,IBjvRHtYdxNOULyw1tpJyQ==,https://res.cloudinary.com/pitchingcoachu/video/upload/v1768340438/trackman/878ebe94-97a2-4dd0-af7c-47bf8c8df6a3/VideoClip/b33df09e-1d2.mp4,trackman/878ebe94-97a2-4dd0-af7c-47bf8c8df6a3/VideoClip/b33df09e-1d2,2026-01-13 21:43:47
878ebe94-97a2-4dd0-af7c-47bf8c8df6a3,b4b78904-cff2-4256-b186-f05abcc17f8e,VideoClip,NA,NA,EdgertronicVideos,Plays/b4b78904-cff2-4256-b186-f05abcc17f8e/Edgertronic/7c7251f3-46c6-4e5a-939e-c4984a6bb675.mov,dKz0QS5nCux7NxCk+3QBrA==,https://res.cloudinary.com/pitchingcoachu/video/upload/v1768340440/trackman/878ebe94-97a2-4dd0-af7c-47bf8c8df6a3/VideoClip/b4b78904-cff.mp4,trackman/878ebe94-97a2-4dd0-af7c-47bf8c8df6a3/VideoClip/b4b78904-cff,2026-01-13 21:43:47
878ebe94-97a2-4dd0-af7c-47bf8c8df6a3,d4ecb943-c9e6-452c-94e8-7dcbbd6c0bf6,VideoClip,NA,NA,EdgertronicVideos,Plays/d4ecb943-c9e6-452c-94e8-7dcbbd6c0bf6/Edgertronic/c2818331-9def-4063-9df7-8b5ea4c9c117.mov,F0vpkjH1GaQ4WxCeNXmhYQ==,https://res.cloudinary.com/pitchingcoachu/video/upload/v1768340442/trackman/878ebe94-97a2-4dd0-af7c-47bf8c8df6a3/VideoClip/d4ecb943-c9e.mp4,trackman/878ebe94-97a2-4dd0-af7c-47bf8c8df6a3/VideoClip/d4ecb943-c9e,2026-01-13 21:43:47
878ebe94-97a2-4dd0-af7c-47bf8c8df6a3,dac4bc75-3c04-4a3e-bd08-c6b2ed678898,VideoClip,NA,NA,EdgertronicVideos,Plays/dac4bc75-3c04-4a3e-bd08-c6b2ed678898/Edgertronic/ff374cc7-693a-4ec4-ac35-2feb0deb6659.mov,j9J+rlJ+r/9i/h3f5rSHTQ==,https://res.cloudinary.com/pitchingcoachu/video/upload/v1768340444/trackman/878ebe94-97a2-4dd0-af7c-47bf8c8df6a3/VideoClip/dac4bc75-3c0.mp4,trackman/878ebe94-97a2-4dd0-af7c-47bf8c8df6a3/VideoClip/dac4bc75-3c0,2026-01-13 21:43:48
7f9d3251-721b-4861-8594-778cda688fdc,0b4b4cba-8d56-49ca-b26e-f299afc8b9fb,VideoClip,,,EdgertronicVideos,Plays/0b4b4cba-8d56-49ca-b26e-f299afc8b9fb/Edgertronic/807fa5e3-147b-48f1-b0c5-85b9065e7ee4.mov,KC+Lq2kudkhmKFZ46YPZuQ==,https://res.cloudinary.com/pitchingcoachu/video/upload/v1768426752/trackman/7f9d3251-721b-4861-8594-778cda688fdc/VideoClip/0b4b4cba-8d5.mp4,trackman/7f9d3251-721b-4861-8594-778cda688fdc/VideoClip/0b4b4cba-8d5,2026-01-14T21:43:50Z
7f9d3251-721b-4861-8594-778cda688fdc,0bfbe086-85cd-43d6-ada2-f4607377774c,VideoClip,,,EdgertronicVideos,Plays/0bfbe086-85cd-43d6-ada2-f4607377774c/Edgertronic/5f1c644c-7ce8-4c90-a5c0-a3345ff02431.mov,PjFD1JKWZYuUZvAk02UJxg==,https://res.cloudinary.com/pitchingcoachu/video/upload/v1768426754/trackman/7f9d3251-721b-4861-8594-778cda688fdc/VideoClip/0bfbe086-85c.mp4,trackman/7f9d3251-721b-4861-8594-778cda688fdc/VideoClip/0bfbe086-85c,2026-01-14T21:43:50Z
7f9d3251-721b-4861-8594-778cda688fdc,0ec6a608-719d-4eda-b38e-ed527db37aee,VideoClip,,,EdgertronicVideos,Plays/0ec6a608-719d-4eda-b38e-ed527db37aee/Edgertronic/21ecebbb-f5ec-478f-8df5-7cc4629eaa3a.mov,sbyF9BO9zfEUAeGTihORIQ==,https://res.cloudinary.com/pitchingcoachu/video/upload/v1768426757/trackman/7f9d3251-721b-4861-8594-778cda688fdc/VideoClip/0ec6a608-719.mp4,trackman/7f9d3251-721b-4861-8594-778cda688fdc/VideoClip/0ec6a608-719,2026-01-14T21:43:50Z
7f9d3251-721b-4861-8594-778cda688fdc,51c2f798-d761-479d-a4ee-ad56820ae41b,VideoClip,,,EdgertronicVideos,Plays/51c2f798-d761-479d-a4ee-ad56820ae41b/Edgertronic/00c99e02-b720-497f-9048-90e52cd458d2.mov,PClj702auqrkJXiNDa0CyQ==,https://res.cloudinary.com/pitchingcoachu/video/upload/v1768426758/trackman/7f9d3251-721b-4861-8594-778cda688fdc/VideoClip/51c2f798-d76.mp4,trackman/7f9d3251-721b-4861-8594-778cda688fdc/VideoClip/51c2f798-d76,2026-01-14T21:43:50Z
7f9d3251-721b-4861-8594-778cda688fdc,5319de8c-514a-41a9-a910-964b30fd93cc,VideoClip,,,EdgertronicVideos,Plays/5319de8c-514a-41a9-a910-964b30fd93cc/Edgertronic/ff38807a-68bd-4c7f-9efb-cc90c2ea3047.mov,BOS5QxDnG9DrF014naVy4w==,https://res.cloudinary.com/pitchingcoachu/video/upload/v1768426760/trackman/7f9d3251-721b-4861-8594-778cda688fdc/VideoClip/5319de8c-514.mp4,trackman/7f9d3251-721b-4861-8594-778cda688fdc/VideoClip/5319de8c-514,2026-01-14T21:43:51Z
7f9d3251-721b-4861-8594-778cda688fdc,6de05e9d-22ba-4b66-a206-abfdb18df7ca,VideoClip,,,EdgertronicVideos,Plays/6de05e9d-22ba-4b66-a206-abfdb18df7ca/Edgertronic/006b55f5-559a-4b74-be2b-abee7b427ce8.mov,UInH/ZTK1rbyxeIDVL1esw==,https://res.cloudinary.com/pitchingcoachu/video/upload/v1768426762/trackman/7f9d3251-721b-4861-8594-778cda688fdc/VideoClip/6de05e9d-22b.mp4,trackman/7f9d3251-721b-4861-8594-778cda688fdc/VideoClip/6de05e9d-22b,2026-01-14T21:43:51Z
7f9d3251-721b-4861-8594-778cda688fdc,8059b3cf-14c9-4f96-8dad-69d542a0f4b4,VideoClip,,,EdgertronicVideos,Plays/8059b3cf-14c9-4f96-8dad-69d542a0f4b4/Edgertronic/ef4edcfe-821f-4c06-aac9-568ba549abe3.mov,btok4hD2crqn7o8hOjOK8g==,https://res.cloudinary.com/pitchingcoachu/video/upload/v1768426763/trackman/7f9d3251-721b-4861-8594-778cda688fdc/VideoClip/8059b3cf-14c.mp4,trackman/7f9d3251-721b-4861-8594-778cda688fdc/VideoClip/8059b3cf-14c,2026-01-14T21:43:51Z
7f9d3251-721b-4861-8594-778cda688fdc,9104aed6-d2a9-45b2-938c-042060ec33cf,VideoClip,,,EdgertronicVideos,Plays/9104aed6-d2a9-45b2-938c-042060ec33cf/Edgertronic/e204615c-9028-40b2-b5c4-4d8c9116b3bb.mov,xljVD3/xL5pJjxvRigcKpg==,https://res.cloudinary.com/pitchingcoachu/video/upload/v1768426766/trackman/7f9d3251-721b-4861-8594-778cda688fdc/VideoClip/9104aed6-d2a.mp4,trackman/7f9d3251-721b-4861-8594-778cda688fdc/VideoClip/9104aed6-d2a,2026-01-14T21:43:51Z
7f9d3251-721b-4861-8594-778cda688fdc,942342ac-d909-4be4-9c11-fd90a6490025,VideoClip,,,EdgertronicVideos,Plays/942342ac-d909-4be4-9c11-fd90a6490025/Edgertronic/6945d0f4-8089-456c-86dc-ce4af27c788b.mov,gxxo6WzbjKevSmOmHuiKSQ==,https://res.cloudinary.com/pitchingcoachu/video/upload/v1768426767/trackman/7f9d3251-721b-4861-8594-778cda688fdc/VideoClip/942342ac-d90.mp4,trackman/7f9d3251-721b-4861-8594-778cda688fdc/VideoClip/942342ac-d90,2026-01-14T21:43:52Z
7f9d3251-721b-4861-8594-778cda688fdc,954f4995-e9a4-4b66-ac27-3403ffa20c82,VideoClip,,,EdgertronicVideos,Plays/954f4995-e9a4-4b66-ac27-3403ffa20c82/Edgertronic/2772e2bd-9c05-4d4a-bc79-1df10f0b96d3.mov,V7keZ/eCrlSJE3Zxk7m/oQ==,https://res.cloudinary.com/pitchingcoachu/video/upload/v1768426769/trackman/7f9d3251-721b-4861-8594-778cda688fdc/VideoClip/954f4995-e9a.mp4,trackman/7f9d3251-721b-4861-8594-778cda688fdc/VideoClip/954f4995-e9a,2026-01-14T21:43:52Z
7f9d3251-721b-4861-8594-778cda688fdc,9642e90b-0b52-4450-a948-61bdfe2d49e8,VideoClip,,,EdgertronicVideos,Plays/9642e90b-0b52-4450-a948-61bdfe2d49e8/Edgertronic/881bead7-c02e-43e0-bc1b-482b146e5987.mov,IdNdJ94TtErD2JLfwTHaiA==,https://res.cloudinary.com/pitchingcoachu/video/upload/v1768426770/trackman/7f9d3251-721b-4861-8594-778cda688fdc/VideoClip/9642e90b-0b5.mp4,trackman/7f9d3251-721b-4861-8594-778cda688fdc/VideoClip/9642e90b-0b5,2026-01-14T21:43:52Z
7f9d3251-721b-4861-8594-778cda688fdc,9c6fed30-c314-4643-85a9-5ffba53d6355,VideoClip,,,EdgertronicVideos,Plays/9c6fed30-c314-4643-85a9-5ffba53d6355/Edgertronic/a2630a88-4f25-496e-9dea-ffe70b60e2ed.mov,DXzkhdS4uE5a0steFbm/BA==,https://res.cloudinary.com/pitchingcoachu/video/upload/v1768426772/trackman/7f9d3251-721b-4861-8594-778cda688fdc/VideoClip/9c6fed30-c31.mp4,trackman/7f9d3251-721b-4861-8594-778cda688fdc/VideoClip/9c6fed30-c31,2026-01-14T21:43:53Z
7f9d3251-721b-4861-8594-778cda688fdc,9ec0cd76-6008-43ff-b66e-a4170e0db5c7,VideoClip,,,EdgertronicVideos,Plays/9ec0cd76-6008-43ff-b66e-a4170e0db5c7/Edgertronic/8d1125ea-6256-42c4-a6dc-6b84609ec81f.mov,F3Jr5+oKpUCFmnqkxo8LtQ==,https://res.cloudinary.com/pitchingcoachu/video/upload/v1768426775/trackman/7f9d3251-721b-4861-8594-778cda688fdc/VideoClip/9ec0cd76-600.mp4,trackman/7f9d3251-721b-4861-8594-778cda688fdc/VideoClip/9ec0cd76-600,2026-01-14T21:43:53Z
7f9d3251-721b-4861-8594-778cda688fdc,a0b86e62-d398-40b3-b400-84414368bcbf,VideoClip,,,EdgertronicVideos,Plays/a0b86e62-d398-40b3-b400-84414368bcbf/Edgertronic/c111f84d-f118-43b5-a8ce-6574d64c4c75.mov,u5Z1Wvuevzp0kbmtD96Lcg==,https://res.cloudinary.com/pitchingcoachu/video/upload/v1768426776/trackman/7f9d3251-721b-4861-8594-778cda688fdc/VideoClip/a0b86e62-d39.mp4,trackman/7f9d3251-721b-4861-8594-778cda688fdc/VideoClip/a0b86e62-d39,2026-01-14T21:43:53Z
7f9d3251-721b-4861-8594-778cda688fdc,a14cb945-f156-4459-9b85-0396f8664d00,VideoClip,,,EdgertronicVideos,Plays/a14cb945-f156-4459-9b85-0396f8664d00/Edgertronic/1963fd1e-626e-4025-a9da-e4dc431c9851.mov,1kgWMnFl4F7bMrM8Lo0LKQ==,https://res.cloudinary.com/pitchingcoachu/video/upload/v1768426778/trackman/7f9d3251-721b-4861-8594-778cda688fdc/VideoClip/a14cb945-f15.mp4,trackman/7f9d3251-721b-4861-8594-778cda688fdc/VideoClip/a14cb945-f15,2026-01-14T21:43:53Z
7f9d3251-721b-4861-8594-778cda688fdc,a6438a1f-e9c3-4ce6-952f-8892c6eeb153,VideoClip,,,EdgertronicVideos,Plays/a6438a1f-e9c3-4ce6-952f-8892c6eeb153/Edgertronic/736d2ff1-6c5e-4d26-a489-f0299d600dd7.mov,FEGAawkChIK9XygbRBmHbA==,https://res.cloudinary.com/pitchingcoachu/video/upload/v1768426779/trackman/7f9d3251-721b-4861-8594-778cda688fdc/VideoClip/a6438a1f-e9c.mp4,trackman/7f9d3251-721b-4861-8594-778cda688fdc/VideoClip/a6438a1f-e9c,2026-01-14T21:43:54Z
7f9d3251-721b-4861-8594-778cda688fdc,a93d1b2b-dddc-4089-9178-013ac01d9503,VideoClip,,,EdgertronicVideos,Plays/a93d1b2b-dddc-4089-9178-013ac01d9503/Edgertronic/d2988e8c-e021-461b-a0e6-ae1ee93e0aa6.mov,UL4l76jR0KeUkTQgjDDtcA==,https://res.cloudinary.com/pitchingcoachu/video/upload/v1768426781/trackman/7f9d3251-721b-4861-8594-778cda688fdc/VideoClip/a93d1b2b-ddd.mp4,trackman/7f9d3251-721b-4861-8594-778cda688fdc/VideoClip/a93d1b2b-ddd,2026-01-14T21:43:54Z
7f9d3251-721b-4861-8594-778cda688fdc,b2aa7613-f35a-4fe1-8040-473c34c47169,VideoClip,,,EdgertronicVideos,Plays/b2aa7613-f35a-4fe1-8040-473c34c47169/Edgertronic/823bf4e4-f9f1-47bc-9dfe-f7427921f2fb.mov,cyEKX4fD/vC0CL8/KCFebA==,https://res.cloudinary.com/pitchingcoachu/video/upload/v1768426783/trackman/7f9d3251-721b-4861-8594-778cda688fdc/VideoClip/b2aa7613-f35.mp4,trackman/7f9d3251-721b-4861-8594-778cda688fdc/VideoClip/b2aa7613-f35,2026-01-14T21:43:54Z
7f9d3251-721b-4861-8594-778cda688fdc,b7b4b7bf-2df7-44b7-88e6-0edf7aa4afe0,VideoClip,,,EdgertronicVideos,Plays/b7b4b7bf-2df7-44b7-88e6-0edf7aa4afe0/Edgertronic/2f645d20-a946-43f4-ae70-fb420576a98f.mov,WqbXKzw3J9i3zCqtMFe8RA==,https://res.cloudinary.com/pitchingcoachu/video/upload/v1768426785/trackman/7f9d3251-721b-4861-8594-778cda688fdc/VideoClip/b7b4b7bf-2df.mp4,trackman/7f9d3251-721b-4861-8594-778cda688fdc/VideoClip/b7b4b7bf-2df,2026-01-14T21:43:55Z
7f9d3251-721b-4861-8594-778cda688fdc,d52ff6aa-b103-4247-a233-7b939434cb77,VideoClip,,,EdgertronicVideos,Plays/d52ff6aa-b103-4247-a233-7b939434cb77/Edgertronic/4dd77a47-544e-48fe-8d2f-92cee59458e0.mov,Ka98vay7E73DEvANIJ655A==,https://res.cloudinary.com/pitchingcoachu/video/upload/v1768426787/trackman/7f9d3251-721b-4861-8594-778cda688fdc/VideoClip/d52ff6aa-b10.mp4,trackman/7f9d3251-721b-4861-8594-778cda688fdc/VideoClip/d52ff6aa-b10,2026-01-14T21:43:55Z
7f9d3251-721b-4861-8594-778cda688fdc,d7e89642-ecf6-42dd-86c7-e70b1ada2513,VideoClip,,,EdgertronicVideos,Plays/d7e89642-ecf6-42dd-86c7-e70b1ada2513/Edgertronic/b41b5ab0-40ed-461b-9882-98379534baba.mov,gkcNJy1HME+jpl7lY0iL7g==,https://res.cloudinary.com/pitchingcoachu/video/upload/v1768426789/trackman/7f9d3251-721b-4861-8594-778cda688fdc/VideoClip/d7e89642-ecf.mp4,trackman/7f9d3251-721b-4861-8594-778cda688fdc/VideoClip/d7e89642-ecf,2026-01-14T21:43:55Z
7f9d3251-721b-4861-8594-778cda688fdc,e04768c0-3d67-4ac0-ad38-6332d9d1b123,VideoClip,,,EdgertronicVideos,Plays/e04768c0-3d67-4ac0-ad38-6332d9d1b123/Edgertronic/be18407c-f677-470f-9397-ca48f3586f1c.mov,9mnXO0jhn4vV7y0th2uAhw==,https://res.cloudinary.com/pitchingcoachu/video/upload/v1768426790/trackman/7f9d3251-721b-4861-8594-778cda688fdc/VideoClip/e04768c0-3d6.mp4,trackman/7f9d3251-721b-4861-8594-778cda688fdc/VideoClip/e04768c0-3d6,2026-01-14T21:43:55Z
7f9d3251-721b-4861-8594-778cda688fdc,e858471a-ad84-4aa1-807d-ac4e08ab8f2a,VideoClip,,,EdgertronicVideos,Plays/e858471a-ad84-4aa1-807d-ac4e08ab8f2a/Edgertronic/81106e26-41f6-4d64-9b3d-6c9116cd39c0.mov,Oi3udCTe0BY/7iTaKAeWeA==,https://res.cloudinary.com/pitchingcoachu/video/upload/v1768426791/trackman/7f9d3251-721b-4861-8594-778cda688fdc/VideoClip/e858471a-ad8.mp4,trackman/7f9d3251-721b-4861-8594-778cda688fdc/VideoClip/e858471a-ad8,2026-01-14T21:43:55Z
7f9d3251-721b-4861-8594-778cda688fdc,f3eabf9f-f2c2-4c0e-88ce-875f012650fe,VideoClip,,,EdgertronicVideos,Plays/f3eabf9f-f2c2-4c0e-88ce-875f012650fe/Edgertronic/6a7e33a4-2b96-4cfc-9a40-1e6cff9d892d.mov,dYPs6CxvshBTrzf5Tu6Z5g==,https://res.cloudinary.com/pitchingcoachu/video/upload/v1768426792/trackman/7f9d3251-721b-4861-8594-778cda688fdc/VideoClip/f3eabf9f-f2c.mp4,trackman/7f9d3251-721b-4861-8594-778cda688fdc/VideoClip/f3eabf9f-f2c,2026-01-14T21:43:56Z
7f9d3251-721b-4861-8594-778cda688fdc,ffbd7e06-44a5-45b0-842b-0b654b4ed9e6,VideoClip,,,EdgertronicVideos,Plays/ffbd7e06-44a5-45b0-842b-0b654b4ed9e6/Edgertronic/a77ec4a5-709a-40e4-b8d0-e2e792e01efe.mov,v+GkGe3LxD6VFeXvpgUZGw==,https://res.cloudinary.com/pitchingcoachu/video/upload/v1768426794/trackman/7f9d3251-721b-4861-8594-778cda688fdc/VideoClip/ffbd7e06-44a.mp4,trackman/7f9d3251-721b-4861-8594-778cda688fdc/VideoClip/ffbd7e06-44a,2026-01-14T21:43:56Z
5aa03c42-8fd5-4276-8043-bc7fdd97a4da,0324bfe7-8ecf-49be-ad18-cebcf5eb39f8,VideoClip,,,EdgertronicVideos,Plays/0324bfe7-8ecf-49be-ad18-cebcf5eb39f8/Edgertronic/154ed804-a44c-4c81-9921-17e75c998b3f.mov,N7BLWXZnPQem+cTC7NMMKg==,https://res.cloudinary.com/pitchingcoachu/video/upload/v1768426798/trackman/5aa03c42-8fd5-4276-8043-bc7fdd97a4da/VideoClip/0324bfe7-8ec.mp4,trackman/5aa03c42-8fd5-4276-8043-bc7fdd97a4da/VideoClip/0324bfe7-8ec,2026-01-14T21:43:58Z
5aa03c42-8fd5-4276-8043-bc7fdd97a4da,0ec2cb09-8679-4bfd-a242-29f23d73dce5,VideoClip,,,EdgertronicVideos,Plays/0ec2cb09-8679-4bfd-a242-29f23d73dce5/Edgertronic/bd756cf8-9547-475b-8956-80f9f4876e91.mov,2l+LMuldxmpIN/s72HU19g==,https://res.cloudinary.com/pitchingcoachu/video/upload/v1768426800/trackman/5aa03c42-8fd5-4276-8043-bc7fdd97a4da/VideoClip/0ec2cb09-867.mp4,trackman/5aa03c42-8fd5-4276-8043-bc7fdd97a4da/VideoClip/0ec2cb09-867,2026-01-14T21:43:58Z
5aa03c42-8fd5-4276-8043-bc7fdd97a4da,1c5999ad-a2b2-46f7-baa8-bc1727232c1e,VideoClip,,,EdgertronicVideos,Plays/1c5999ad-a2b2-46f7-baa8-bc1727232c1e/Edgertronic/ab8f2fe9-c1f9-4415-9be6-837153beadc8.mov,P2V0oV917hO3CqufZNKAJA==,https://res.cloudinary.com/pitchingcoachu/video/upload/v1768426801/trackman/5aa03c42-8fd5-4276-8043-bc7fdd97a4da/VideoClip/1c5999ad-a2b.mp4,trackman/5aa03c42-8fd5-4276-8043-bc7fdd97a4da/VideoClip/1c5999ad-a2b,2026-01-14T21:43:58Z
5aa03c42-8fd5-4276-8043-bc7fdd97a4da,22d7f2de-68d4-4d59-8d98-be91de8151b0,VideoClip,,,EdgertronicVideos,Plays/22d7f2de-68d4-4d59-8d98-be91de8151b0/Edgertronic/4f59bdb1-9a3c-4496-ac68-551cdb538ef7.mov,EnQ+eULK1GL+XcsSH2QYkQ==,https://res.cloudinary.com/pitchingcoachu/video/upload/v1768426803/trackman/5aa03c42-8fd5-4276-8043-bc7fdd97a4da/VideoClip/22d7f2de-68d.mp4,trackman/5aa03c42-8fd5-4276-8043-bc7fdd97a4da/VideoClip/22d7f2de-68d,2026-01-14T21:43:59Z
5aa03c42-8fd5-4276-8043-bc7fdd97a4da,27547257-00d3-435f-a0eb-71fea86dfa28,VideoClip,,,EdgertronicVideos,Plays/27547257-00d3-435f-a0eb-71fea86dfa28/Edgertronic/52496ed1-8c4a-4e28-9725-80e1c738cbab.mov,N4LqSGgKHvEZwtXmsQ1MoQ==,https://res.cloudinary.com/pitchingcoachu/video/upload/v1768426805/trackman/5aa03c42-8fd5-4276-8043-bc7fdd97a4da/VideoClip/27547257-00d.mp4,trackman/5aa03c42-8fd5-4276-8043-bc7fdd97a4da/VideoClip/27547257-00d,2026-01-14T21:43:59Z
5aa03c42-8fd5-4276-8043-bc7fdd97a4da,27a189fb-0795-44dd-a5b2-51ff52c54375,VideoClip,,,EdgertronicVideos,Plays/27a189fb-0795-44dd-a5b2-51ff52c54375/Edgertronic/49a1d5aa-2061-46d3-b6a6-41f2d60d0cc2.mov,HdjFurlMIXc9cVlHEEOEaA==,https://res.cloudinary.com/pitchingcoachu/video/upload/v1768426807/trackman/5aa03c42-8fd5-4276-8043-bc7fdd97a4da/VideoClip/27a189fb-079.mp4,trackman/5aa03c42-8fd5-4276-8043-bc7fdd97a4da/VideoClip/27a189fb-079,2026-01-14T21:43:59Z
5aa03c42-8fd5-4276-8043-bc7fdd97a4da,2eba2ac0-d5f0-4b55-9757-a41991c06a32,VideoClip,,,EdgertronicVideos,Plays/2eba2ac0-d5f0-4b55-9757-a41991c06a32/Edgertronic/9e6f96f6-491a-4f75-9a79-496b9cb1b9d8.mov,IIeMH2vMmgMjB6FKyy5p1A==,https://res.cloudinary.com/pitchingcoachu/video/upload/v1768426808/trackman/5aa03c42-8fd5-4276-8043-bc7fdd97a4da/VideoClip/2eba2ac0-d5f.mp4,trackman/5aa03c42-8fd5-4276-8043-bc7fdd97a4da/VideoClip/2eba2ac0-d5f,2026-01-14T21:43:59Z
5aa03c42-8fd5-4276-8043-bc7fdd97a4da,38990d2d-3ce3-4dcb-a3c6-a514eb1fc2d8,VideoClip,,,EdgertronicVideos,Plays/38990d2d-3ce3-4dcb-a3c6-a514eb1fc2d8/Edgertronic/4f6bd578-4d4e-4c4c-b97c-bf21d30a4794.mov,/hCo1y2oCwUaUYEkRlrsMA==,https://res.cloudinary.com/pitchingcoachu/video/upload/v1768426810/trackman/5aa03c42-8fd5-4276-8043-bc7fdd97a4da/VideoClip/38990d2d-3ce.mp4,trackman/5aa03c42-8fd5-4276-8043-bc7fdd97a4da/VideoClip/38990d2d-3ce,2026-01-14T21:43:59Z
5aa03c42-8fd5-4276-8043-bc7fdd97a4da,3c04081b-efef-4aec-b8a4-50331a6c113c,VideoClip,,,EdgertronicVideos,Plays/3c04081b-efef-4aec-b8a4-50331a6c113c/Edgertronic/80599486-7af5-420a-a886-0b961428dbb4.mov,sCD9D7qdqr75lJChRlhi8w==,https://res.cloudinary.com/pitchingcoachu/video/upload/v1768426812/trackman/5aa03c42-8fd5-4276-8043-bc7fdd97a4da/VideoClip/3c04081b-efe.mp4,trackman/5aa03c42-8fd5-4276-8043-bc7fdd97a4da/VideoClip/3c04081b-efe,2026-01-14T21:44:00Z
5aa03c42-8fd5-4276-8043-bc7fdd97a4da,478e53b0-b039-4690-ad43-1324782a991b,VideoClip,,,EdgertronicVideos,Plays/478e53b0-b039-4690-ad43-1324782a991b/Edgertronic/25897199-e0ec-404e-9de6-da7dba45e6a5.mov,rUBEOPMOfakM6sFcLI6phg==,https://res.cloudinary.com/pitchingcoachu/video/upload/v1768426813/trackman/5aa03c42-8fd5-4276-8043-bc7fdd97a4da/VideoClip/478e53b0-b03.mp4,trackman/5aa03c42-8fd5-4276-8043-bc7fdd97a4da/VideoClip/478e53b0-b03,2026-01-14T21:44:00Z
5aa03c42-8fd5-4276-8043-bc7fdd97a4da,4f9f23b1-f52f-4a1f-ad5d-f2ceee122a92,VideoClip,,,EdgertronicVideos,Plays/4f9f23b1-f52f-4a1f-ad5d-f2ceee122a92/Edgertronic/7b4e59ef-52eb-46e1-b9e9-5e3fce2abd9d.mov,OnZIhv397idjcgt7L1uuYw==,https://res.cloudinary.com/pitchingcoachu/video/upload/v1768426816/trackman/5aa03c42-8fd5-4276-8043-bc7fdd97a4da/VideoClip/4f9f23b1-f52.mp4,trackman/5aa03c42-8fd5-4276-8043-bc7fdd97a4da/VideoClip/4f9f23b1-f52,2026-01-14T21:44:00Z
5aa03c42-8fd5-4276-8043-bc7fdd97a4da,5370adb7-8e78-4957-81f0-6ac01a81084b,VideoClip,,,EdgertronicVideos,Plays/5370adb7-8e78-4957-81f0-6ac01a81084b/Edgertronic/e09db627-290f-439c-abba-4dc1b67a67e7.mov,BKjeRx7yPFObYlvGZ+Mb7Q==,https://res.cloudinary.com/pitchingcoachu/video/upload/v1768426817/trackman/5aa03c42-8fd5-4276-8043-bc7fdd97a4da/VideoClip/5370adb7-8e7.mp4,trackman/5aa03c42-8fd5-4276-8043-bc7fdd97a4da/VideoClip/5370adb7-8e7,2026-01-14T21:44:00Z
5aa03c42-8fd5-4276-8043-bc7fdd97a4da,55885c57-4bd3-4029-8be3-05e50b245555,VideoClip,,,EdgertronicVideos,Plays/55885c57-4bd3-4029-8be3-05e50b245555/Edgertronic/ceece02b-5a04-4639-8a60-92a597ed5be2.mov,5OgL+sfFC6+H8YklgzkL7g==,https://res.cloudinary.com/pitchingcoachu/video/upload/v1768426819/trackman/5aa03c42-8fd5-4276-8043-bc7fdd97a4da/VideoClip/55885c57-4bd.mp4,trackman/5aa03c42-8fd5-4276-8043-bc7fdd97a4da/VideoClip/55885c57-4bd,2026-01-14T21:44:01Z
5aa03c42-8fd5-4276-8043-bc7fdd97a4da,7a15b37d-a0a4-4ca0-a2d1-cd19f21f7a36,VideoClip,,,EdgertronicVideos,Plays/7a15b37d-a0a4-4ca0-a2d1-cd19f21f7a36/Edgertronic/3e1e633b-6b46-4458-aecd-e9b537c12bc3.mov,GZYCXd4vltyf5dmOrKExMA==,https://res.cloudinary.com/pitchingcoachu/video/upload/v1768426823/trackman/5aa03c42-8fd5-4276-8043-bc7fdd97a4da/VideoClip/7a15b37d-a0a.mp4,trackman/5aa03c42-8fd5-4276-8043-bc7fdd97a4da/VideoClip/7a15b37d-a0a,2026-01-14T21:44:01Z
5aa03c42-8fd5-4276-8043-bc7fdd97a4da,7ec5acca-5efc-4dde-8e62-c163011b4ac1,VideoClip,,,EdgertronicVideos,Plays/7ec5acca-5efc-4dde-8e62-c163011b4ac1/Edgertronic/ded7892c-04ec-4c29-b067-4421c243142b.mov,kQmaBbGjRs1/Zp7Xi/Q+jQ==,https://res.cloudinary.com/pitchingcoachu/video/upload/v1768426824/trackman/5aa03c42-8fd5-4276-8043-bc7fdd97a4da/VideoClip/7ec5acca-5ef.mp4,trackman/5aa03c42-8fd5-4276-8043-bc7fdd97a4da/VideoClip/7ec5acca-5ef,2026-01-14T21:44:01Z
5aa03c42-8fd5-4276-8043-bc7fdd97a4da,82e5a73f-7bf8-486d-9d87-287595bda2f8,VideoClip,,,EdgertronicVideos,Plays/82e5a73f-7bf8-486d-9d87-287595bda2f8/Edgertronic/db14ac84-6b13-49f2-80ee-a8ab8de87e65.mov,6R2q0aEz7IqUGv43D9qqvg==,https://res.cloudinary.com/pitchingcoachu/video/upload/v1768426826/trackman/5aa03c42-8fd5-4276-8043-bc7fdd97a4da/VideoClip/82e5a73f-7bf.mp4,trackman/5aa03c42-8fd5-4276-8043-bc7fdd97a4da/VideoClip/82e5a73f-7bf,2026-01-14T21:44:01Z
5aa03c42-8fd5-4276-8043-bc7fdd97a4da,82e7c9f2-1286-4290-97ed-5d62a5d4b7ff,VideoClip,,,EdgertronicVideos,Plays/82e7c9f2-1286-4290-97ed-5d62a5d4b7ff/Edgertronic/0f5a08ea-4baa-4751-94a5-7eee36b07082.mov,nQv+lDI6DKd4caok++shPg==,https://res.cloudinary.com/pitchingcoachu/video/upload/v1768426828/trackman/5aa03c42-8fd5-4276-8043-bc7fdd97a4da/VideoClip/82e7c9f2-128.mp4,trackman/5aa03c42-8fd5-4276-8043-bc7fdd97a4da/VideoClip/82e7c9f2-128,2026-01-14T21:44:01Z
5aa03c42-8fd5-4276-8043-bc7fdd97a4da,85bf5b45-c850-4fee-97f3-7d30665d421b,VideoClip,,,EdgertronicVideos,Plays/85bf5b45-c850-4fee-97f3-7d30665d421b/Edgertronic/33354459-0479-415e-8fa2-7651ab5ff6d6.mov,qiZlyrjnIC+y3tbawxgcYQ==,https://res.cloudinary.com/pitchingcoachu/video/upload/v1768426830/trackman/5aa03c42-8fd5-4276-8043-bc7fdd97a4da/VideoClip/85bf5b45-c85.mp4,trackman/5aa03c42-8fd5-4276-8043-bc7fdd97a4da/VideoClip/85bf5b45-c85,2026-01-14T21:44:02Z
5aa03c42-8fd5-4276-8043-bc7fdd97a4da,85de7884-6b2a-4972-8ca6-5a388f1163c7,VideoClip,,,EdgertronicVideos,Plays/85de7884-6b2a-4972-8ca6-5a388f1163c7/Edgertronic/5a8d41ad-1f66-45ec-94e1-1f62b06636e6.mov,Et2d3oZlxnqd4+l793MU3g==,https://res.cloudinary.com/pitchingcoachu/video/upload/v1768426831/trackman/5aa03c42-8fd5-4276-8043-bc7fdd97a4da/VideoClip/85de7884-6b2.mp4,trackman/5aa03c42-8fd5-4276-8043-bc7fdd97a4da/VideoClip/85de7884-6b2,2026-01-14T21:44:02Z
5aa03c42-8fd5-4276-8043-bc7fdd97a4da,90f1a115-a243-43ca-b8a1-7551f864ac65,VideoClip,,,EdgertronicVideos,Plays/90f1a115-a243-43ca-b8a1-7551f864ac65/Edgertronic/5638db16-08ce-42a0-b31c-2de4d579fa06.mov,/ugJvZEMtmTIb7Ss6r+8IQ==,https://res.cloudinary.com/pitchingcoachu/video/upload/v1768426832/trackman/5aa03c42-8fd5-4276-8043-bc7fdd97a4da/VideoClip/90f1a115-a24.mp4,trackman/5aa03c42-8fd5-4276-8043-bc7fdd97a4da/VideoClip/90f1a115-a24,2026-01-14T21:44:02Z
5aa03c42-8fd5-4276-8043-bc7fdd97a4da,a7ac9c92-16c9-4115-83f5-40471340f408,VideoClip,,,EdgertronicVideos,Plays/a7ac9c92-16c9-4115-83f5-40471340f408/Edgertronic/f93079cc-5763-475b-841c-c7cea97b40b0.mov,IN6jtcRgJdIudQkJbidU4A==,https://res.cloudinary.com/pitchingcoachu/video/upload/v1768426833/trackman/5aa03c42-8fd5-4276-8043-bc7fdd97a4da/VideoClip/a7ac9c92-16c.mp4,trackman/5aa03c42-8fd5-4276-8043-bc7fdd97a4da/VideoClip/a7ac9c92-16c,2026-01-14T21:44:03Z
5aa03c42-8fd5-4276-8043-bc7fdd97a4da,af72166a-d4f0-4ecf-a5c6-e1655118699a,VideoClip,,,EdgertronicVideos,Plays/af72166a-d4f0-4ecf-a5c6-e1655118699a/Edgertronic/5ed72696-0e95-4d30-97dd-13b767ec4dec.mov,FBAuqKEoC6CvN6+NqyFH1g==,https://res.cloudinary.com/pitchingcoachu/video/upload/v1768426835/trackman/5aa03c42-8fd5-4276-8043-bc7fdd97a4da/VideoClip/af72166a-d4f.mp4,trackman/5aa03c42-8fd5-4276-8043-bc7fdd97a4da/VideoClip/af72166a-d4f,2026-01-14T21:44:03Z
5aa03c42-8fd5-4276-8043-bc7fdd97a4da,b82ecc2a-91cb-4951-a93a-9ea65fcd899a,VideoClip,,,EdgertronicVideos,Plays/b82ecc2a-91cb-4951-a93a-9ea65fcd899a/Edgertronic/0817b310-9673-40db-8471-996b0c5551dc.mov,9uH8if7Q3GT8dW6bFP0q4g==,https://res.cloudinary.com/pitchingcoachu/video/upload/v1768426836/trackman/5aa03c42-8fd5-4276-8043-bc7fdd97a4da/VideoClip/b82ecc2a-91c.mp4,trackman/5aa03c42-8fd5-4276-8043-bc7fdd97a4da/VideoClip/b82ecc2a-91c,2026-01-14T21:44:03Z
5aa03c42-8fd5-4276-8043-bc7fdd97a4da,c09082f1-7b3e-4ebb-8cb1-bf7ac7898b00,VideoClip,,,EdgertronicVideos,Plays/c09082f1-7b3e-4ebb-8cb1-bf7ac7898b00/Edgertronic/a5a1f9e9-3886-4a1b-a4d3-d49bf78ed1df.mov,urbime5QI+JC3sZ+G89gsQ==,https://res.cloudinary.com/pitchingcoachu/video/upload/v1768426838/trackman/5aa03c42-8fd5-4276-8043-bc7fdd97a4da/VideoClip/c09082f1-7b3.mp4,trackman/5aa03c42-8fd5-4276-8043-bc7fdd97a4da/VideoClip/c09082f1-7b3,2026-01-14T21:44:03Z
5aa03c42-8fd5-4276-8043-bc7fdd97a4da,c8fb47dd-4695-4cde-af9b-ee090ef22ba0,VideoClip,,,EdgertronicVideos,Plays/c8fb47dd-4695-4cde-af9b-ee090ef22ba0/Edgertronic/a7a3c08e-b065-473a-be7d-d87c801aac99.mov,XsZURUjL0KTrLPTZM0lM9A==,https://res.cloudinary.com/pitchingcoachu/video/upload/v1768426841/trackman/5aa03c42-8fd5-4276-8043-bc7fdd97a4da/VideoClip/c8fb47dd-469.mp4,trackman/5aa03c42-8fd5-4276-8043-bc7fdd97a4da/VideoClip/c8fb47dd-469,2026-01-14T21:44:03Z
5aa03c42-8fd5-4276-8043-bc7fdd97a4da,d4660748-001f-4fe0-bb13-b5134c6909e5,VideoClip,,,EdgertronicVideos,Plays/d4660748-001f-4fe0-bb13-b5134c6909e5/Edgertronic/016acb65-60d6-4591-ac16-225efd563b1e.mov,J/9gQ/gFN7MB76mrl86GQA==,https://res.cloudinary.com/pitchingcoachu/video/upload/v1768426842/trackman/5aa03c42-8fd5-4276-8043-bc7fdd97a4da/VideoClip/d4660748-001.mp4,trackman/5aa03c42-8fd5-4276-8043-bc7fdd97a4da/VideoClip/d4660748-001,2026-01-14T21:44:04Z
5aa03c42-8fd5-4276-8043-bc7fdd97a4da,e3a897b2-721e-4a20-86e9-5e6091ea0637,VideoClip,,,EdgertronicVideos,Plays/e3a897b2-721e-4a20-86e9-5e6091ea0637/Edgertronic/f379cace-1e58-48a8-b71e-25b1d656e18a.mov,bS6gBurIoDT3jHGAc3MvGw==,https://res.cloudinary.com/pitchingcoachu/video/upload/v1768426843/trackman/5aa03c42-8fd5-4276-8043-bc7fdd97a4da/VideoClip/e3a897b2-721.mp4,trackman/5aa03c42-8fd5-4276-8043-bc7fdd97a4da/VideoClip/e3a897b2-721,2026-01-14T21:44:04Z
5aa03c42-8fd5-4276-8043-bc7fdd97a4da,e4522a84-f193-4dee-b570-c174097bce28,VideoClip,,,EdgertronicVideos,Plays/e4522a84-f193-4dee-b570-c174097bce28/Edgertronic/57b6f41f-5a72-4163-97af-31905a7942b6.mov,MwqgRvvFIf+PT0jXDJjk4A==,https://res.cloudinary.com/pitchingcoachu/video/upload/v1768426845/trackman/5aa03c42-8fd5-4276-8043-bc7fdd97a4da/VideoClip/e4522a84-f19.mp4,trackman/5aa03c42-8fd5-4276-8043-bc7fdd97a4da/VideoClip/e4522a84-f19,2026-01-14T21:44:04Z
2a634fb3-d78e-46a7-8031-c9af5f4fb4b7,1a61aad9-921f-4b54-b516-bbea2bfb5b0c,VideoClip,,,EdgertronicVideos,Plays/1a61aad9-921f-4b54-b516-bbea2bfb5b0c/Edgertronic/e926f2ca-5904-4e97-b11c-1c1d5eb4e4b3.mov,WxhCWaIvWZIkGlAXUACp1w==,https://res.cloudinary.com/pitchingcoachu/video/upload/v1768426853/trackman/2a634fb3-d78e-46a7-8031-c9af5f4fb4b7/VideoClip/1a61aad9-921.mp4,trackman/2a634fb3-d78e-46a7-8031-c9af5f4fb4b7/VideoClip/1a61aad9-921,2026-01-14T21:44:07Z
2a634fb3-d78e-46a7-8031-c9af5f4fb4b7,22870382-e406-413b-ae72-80aaed7d3148,VideoClip,,,EdgertronicVideos,Plays/22870382-e406-413b-ae72-80aaed7d3148/Edgertronic/ae987763-68bc-4217-b6ce-017f2ef2c402.mov,9DC0gx3jA+sG958qEbHdfw==,https://res.cloudinary.com/pitchingcoachu/video/upload/v1768426855/trackman/2a634fb3-d78e-46a7-8031-c9af5f4fb4b7/VideoClip/22870382-e40.mp4,trackman/2a634fb3-d78e-46a7-8031-c9af5f4fb4b7/VideoClip/22870382-e40,2026-01-14T21:44:07Z
2a634fb3-d78e-46a7-8031-c9af5f4fb4b7,43548096-d762-41b8-8dd9-f438d81a8a80,VideoClip,,,EdgertronicVideos,Plays/43548096-d762-41b8-8dd9-f438d81a8a80/Edgertronic/be87a3b5-d8aa-405e-b064-9ca8d5dc9d68.mov,02VMK2lVtZXKLYyffsTn/A==,https://res.cloudinary.com/pitchingcoachu/video/upload/v1768426857/trackman/2a634fb3-d78e-46a7-8031-c9af5f4fb4b7/VideoClip/43548096-d76.mp4,trackman/2a634fb3-d78e-46a7-8031-c9af5f4fb4b7/VideoClip/43548096-d76,2026-01-14T21:44:07Z
2a634fb3-d78e-46a7-8031-c9af5f4fb4b7,478b31e0-061c-4a20-a42d-b845e08313ba,VideoClip,,,EdgertronicVideos,Plays/478b31e0-061c-4a20-a42d-b845e08313ba/Edgertronic/e7b06b8e-a785-40d9-8aa6-a81557e80e5f.mov,fjr8A0MplQRgcRiFt15JtA==,https://res.cloudinary.com/pitchingcoachu/video/upload/v1768426859/trackman/2a634fb3-d78e-46a7-8031-c9af5f4fb4b7/VideoClip/478b31e0-061.mp4,trackman/2a634fb3-d78e-46a7-8031-c9af5f4fb4b7/VideoClip/478b31e0-061,2026-01-14T21:44:09Z
2a634fb3-d78e-46a7-8031-c9af5f4fb4b7,4a6861dd-74ba-4e6d-8fc3-8ad9adaf9a77,VideoClip,,,EdgertronicVideos,Plays/4a6861dd-74ba-4e6d-8fc3-8ad9adaf9a77/Edgertronic/568faee7-cdd4-4b45-9bc3-959964637baf.mov,fwFh4nqbXYOBseYwToThNA==,https://res.cloudinary.com/pitchingcoachu/video/upload/v1768426860/trackman/2a634fb3-d78e-46a7-8031-c9af5f4fb4b7/VideoClip/4a6861dd-74b.mp4,trackman/2a634fb3-d78e-46a7-8031-c9af5f4fb4b7/VideoClip/4a6861dd-74b,2026-01-14T21:44:09Z
2a634fb3-d78e-46a7-8031-c9af5f4fb4b7,4f78805e-8b38-462e-b33b-34f1ebccb475,VideoClip,,,EdgertronicVideos,Plays/4f78805e-8b38-462e-b33b-34f1ebccb475/Edgertronic/f30eb9f5-981b-4e87-bc1f-d34a2dabe080.mov,jwj6CVsmcxboxu7Vwdm16Q==,https://res.cloudinary.com/pitchingcoachu/video/upload/v1768426861/trackman/2a634fb3-d78e-46a7-8031-c9af5f4fb4b7/VideoClip/4f78805e-8b3.mp4,trackman/2a634fb3-d78e-46a7-8031-c9af5f4fb4b7/VideoClip/4f78805e-8b3,2026-01-14T21:44:10Z
2a634fb3-d78e-46a7-8031-c9af5f4fb4b7,7517aa13-36a6-4f0c-892d-1483e451c97f,VideoClip,,,EdgertronicVideos,Plays/7517aa13-36a6-4f0c-892d-1483e451c97f/Edgertronic/5ff118c1-3477-4e32-a39f-9b41eec39af9.mov,blo6vpvS6D9KGbRxhO9yFw==,https://res.cloudinary.com/pitchingcoachu/video/upload/v1768426864/trackman/2a634fb3-d78e-46a7-8031-c9af5f4fb4b7/VideoClip/7517aa13-36a.mp4,trackman/2a634fb3-d78e-46a7-8031-c9af5f4fb4b7/VideoClip/7517aa13-36a,2026-01-14T21:44:10Z
2a634fb3-d78e-46a7-8031-c9af5f4fb4b7,8f990162-6951-4bc1-8eef-7933c4dcda80,VideoClip,,,EdgertronicVideos,Plays/8f990162-6951-4bc1-8eef-7933c4dcda80/Edgertronic/64f3430a-8f66-4710-a082-23899bf32918.mov,AXFR6z1jsauL9fbP3HhSSA==,https://res.cloudinary.com/pitchingcoachu/video/upload/v1768426865/trackman/2a634fb3-d78e-46a7-8031-c9af5f4fb4b7/VideoClip/8f990162-695.mp4,trackman/2a634fb3-d78e-46a7-8031-c9af5f4fb4b7/VideoClip/8f990162-695,2026-01-14T21:44:10Z
df44424b-d38d-412e-8bb3-df9cb0859f57,0e8c0d0a-917c-4f34-b7a2-c00148651483,VideoClip,,,EdgertronicVideos,Plays/0e8c0d0a-917c-4f34-b7a2-c00148651483/Edgertronic/2d43b981-e05c-4b3d-9df6-5d6f7b7a3ddb.mov,QDD54BTkwjQrMTFWtWVg5w==,https://res.cloudinary.com/pitchingcoachu/video/upload/v1768426870/trackman/df44424b-d38d-412e-8bb3-df9cb0859f57/VideoClip/0e8c0d0a-917.mp4,trackman/df44424b-d38d-412e-8bb3-df9cb0859f57/VideoClip/0e8c0d0a-917,2026-01-14T21:44:12Z
df44424b-d38d-412e-8bb3-df9cb0859f57,16f6f196-6d29-4072-889f-2778358302c8,VideoClip,,,EdgertronicVideos,Plays/16f6f196-6d29-4072-889f-2778358302c8/Edgertronic/11c85516-208b-4b0a-a397-19e02b37f46f.mov,CP6uyMYDzUUnowRmHvSn4g==,https://res.cloudinary.com/pitchingcoachu/video/upload/v1768426873/trackman/df44424b-d38d-412e-8bb3-df9cb0859f57/VideoClip/16f6f196-6d2.mp4,trackman/df44424b-d38d-412e-8bb3-df9cb0859f57/VideoClip/16f6f196-6d2,2026-01-14T21:44:12Z
df44424b-d38d-412e-8bb3-df9cb0859f57,1eae4ac6-0f59-44a1-9b2d-f22826714d23,VideoClip,,,EdgertronicVideos,Plays/1eae4ac6-0f59-44a1-9b2d-f22826714d23/Edgertronic/10666c03-e817-4e8c-b50a-c1f1e4af40b3.mov,45P0UvaRwO0Q3xmqpoyDtQ==,https://res.cloudinary.com/pitchingcoachu/video/upload/v1768426875/trackman/df44424b-d38d-412e-8bb3-df9cb0859f57/VideoClip/1eae4ac6-0f5.mp4,trackman/df44424b-d38d-412e-8bb3-df9cb0859f57/VideoClip/1eae4ac6-0f5,2026-01-14T21:44:13Z
df44424b-d38d-412e-8bb3-df9cb0859f57,3c387ad3-c3a1-40de-b622-3c8b31d5db1e,VideoClip,,,EdgertronicVideos,Plays/3c387ad3-c3a1-40de-b622-3c8b31d5db1e/Edgertronic/18254433-e7ae-4ab8-acfd-6d32a281f019.mov,OtbMLg70aIxCsyzNq+bSeg==,https://res.cloudinary.com/pitchingcoachu/video/upload/v1768426876/trackman/df44424b-d38d-412e-8bb3-df9cb0859f57/VideoClip/3c387ad3-c3a.mp4,trackman/df44424b-d38d-412e-8bb3-df9cb0859f57/VideoClip/3c387ad3-c3a,2026-01-14T21:44:13Z
df44424b-d38d-412e-8bb3-df9cb0859f57,41e22ad8-0077-4bb4-8031-16d636875c11,VideoClip,,,EdgertronicVideos,Plays/41e22ad8-0077-4bb4-8031-16d636875c11/Edgertronic/9cd0c1c8-9d59-4821-becb-e6a369f4b3c5.mov,6YxUgVC9VG3gXAG2c/28Lg==,https://res.cloudinary.com/pitchingcoachu/video/upload/v1768426879/trackman/df44424b-d38d-412e-8bb3-df9cb0859f57/VideoClip/41e22ad8-007.mp4,trackman/df44424b-d38d-412e-8bb3-df9cb0859f57/VideoClip/41e22ad8-007,2026-01-14T21:44:13Z
df44424b-d38d-412e-8bb3-df9cb0859f57,4625fa0b-89f1-4ca5-ae0f-feef513179b1,VideoClip,,,EdgertronicVideos,Plays/4625fa0b-89f1-4ca5-ae0f-feef513179b1/Edgertronic/94026355-d7ff-4aab-85f1-dafac592e3f4.mov,q1mVjs7G6eLXjwRqkYC9iA==,https://res.cloudinary.com/pitchingcoachu/video/upload/v1768426880/trackman/df44424b-d38d-412e-8bb3-df9cb0859f57/VideoClip/4625fa0b-89f.mp4,trackman/df44424b-d38d-412e-8bb3-df9cb0859f57/VideoClip/4625fa0b-89f,2026-01-14T21:44:13Z
df44424b-d38d-412e-8bb3-df9cb0859f57,774b06c6-8ca2-4b5e-9f87-cde407b3f92e,VideoClip,,,EdgertronicVideos,Plays/774b06c6-8ca2-4b5e-9f87-cde407b3f92e/Edgertronic/c0c1b11d-d5c6-4327-aa43-65ba16825df9.mov,zWoKu6Z98N8+4c3yUC8H6A==,https://res.cloudinary.com/pitchingcoachu/video/upload/v1768426882/trackman/df44424b-d38d-412e-8bb3-df9cb0859f57/VideoClip/774b06c6-8ca.mp4,trackman/df44424b-d38d-412e-8bb3-df9cb0859f57/VideoClip/774b06c6-8ca,2026-01-14T21:44:14Z
df44424b-d38d-412e-8bb3-df9cb0859f57,8488518b-d658-4f82-be02-0ccb64e6784d,VideoClip,,,EdgertronicVideos,Plays/8488518b-d658-4f82-be02-0ccb64e6784d/Edgertronic/3a59cece-57d6-4c23-aedd-a1978d571621.mov,JzpHqcMb5Y01onxZc3LZHQ==,https://res.cloudinary.com/pitchingcoachu/video/upload/v1768426885/trackman/df44424b-d38d-412e-8bb3-df9cb0859f57/VideoClip/8488518b-d65.mp4,trackman/df44424b-d38d-412e-8bb3-df9cb0859f57/VideoClip/8488518b-d65,2026-01-14T21:44:14Z
df44424b-d38d-412e-8bb3-df9cb0859f57,92800f29-5bb9-4098-a978-40c987207cfb,VideoClip,,,EdgertronicVideos,Plays/92800f29-5bb9-4098-a978-40c987207cfb/Edgertronic/4f6f5610-9d1a-4aae-a90c-c3f4d6555311.mov,GY2ifm24cEPRMjV7b22oOQ==,https://res.cloudinary.com/pitchingcoachu/video/upload/v1768426886/trackman/df44424b-d38d-412e-8bb3-df9cb0859f57/VideoClip/92800f29-5bb.mp4,trackman/df44424b-d38d-412e-8bb3-df9cb0859f57/VideoClip/92800f29-5bb,2026-01-14T21:44:14Z
df44424b-d38d-412e-8bb3-df9cb0859f57,a3f9d768-8643-41a6-8ba0-738cbbf1c231,VideoClip,,,EdgertronicVideos,Plays/a3f9d768-8643-41a6-8ba0-738cbbf1c231/Edgertronic/dbf7fa5e-f88d-414f-b7b1-6374239b8a36.mov,yHqCrhtoc5/JRmrvWEVrQQ==,https://res.cloudinary.com/pitchingcoachu/video/upload/v1768426887/trackman/df44424b-d38d-412e-8bb3-df9cb0859f57/VideoClip/a3f9d768-864.mp4,trackman/df44424b-d38d-412e-8bb3-df9cb0859f57/VideoClip/a3f9d768-864,2026-01-14T21:44:14Z
df44424b-d38d-412e-8bb3-df9cb0859f57,c362a551-5659-4846-ab88-f0bbf37a3be5,VideoClip,,,EdgertronicVideos,Plays/c362a551-5659-4846-ab88-f0bbf37a3be5/Edgertronic/042489c8-60f2-4f86-beb6-034b79dee00b.mov,eAHeFSXzIfAmeAoi5XzlxA==,https://res.cloudinary.com/pitchingcoachu/video/upload/v1768426889/trackman/df44424b-d38d-412e-8bb3-df9cb0859f57/VideoClip/c362a551-565.mp4,trackman/df44424b-d38d-412e-8bb3-df9cb0859f57/VideoClip/c362a551-565,2026-01-14T21:44:15Z
df44424b-d38d-412e-8bb3-df9cb0859f57,c9e189c0-dd5b-41d6-b0eb-17ce84c5d25e,VideoClip,,,EdgertronicVideos,Plays/c9e189c0-dd5b-41d6-b0eb-17ce84c5d25e/Edgertronic/e6252c8c-ee29-426f-92f0-928de92c66a2.mov,/8Ytu1JrstMO8zwJtKuKVQ==,https://res.cloudinary.com/pitchingcoachu/video/upload/v1768426891/trackman/df44424b-d38d-412e-8bb3-df9cb0859f57/VideoClip/c9e189c0-dd5.mp4,trackman/df44424b-d38d-412e-8bb3-df9cb0859f57/VideoClip/c9e189c0-dd5,2026-01-14T21:44:15Z
df44424b-d38d-412e-8bb3-df9cb0859f57,cf888906-0898-48af-b575-c42253afd0b9,VideoClip,,,EdgertronicVideos,Plays/cf888906-0898-48af-b575-c42253afd0b9/Edgertronic/4c0293b3-18cd-4572-a5c7-fba777976b1e.mov,zvwfXpo+eaeX/C/bKNCHlQ==,https://res.cloudinary.com/pitchingcoachu/video/upload/v1768426892/trackman/df44424b-d38d-412e-8bb3-df9cb0859f57/VideoClip/cf888906-089.mp4,trackman/df44424b-d38d-412e-8bb3-df9cb0859f57/VideoClip/cf888906-089,2026-01-14T21:44:15Z
df44424b-d38d-412e-8bb3-df9cb0859f57,dfb521bf-371e-4645-a0e5-0ba34c64adb7,VideoClip,,,EdgertronicVideos,Plays/dfb521bf-371e-4645-a0e5-0ba34c64adb7/Edgertronic/0501b949-e2c3-47bd-b434-0b8d7e43423e.mov,ovW2/pZ+6f2scNFi1w/tGg==,https://res.cloudinary.com/pitchingcoachu/video/upload/v1768426894/trackman/df44424b-d38d-412e-8bb3-df9cb0859f57/VideoClip/dfb521bf-371.mp4,trackman/df44424b-d38d-412e-8bb3-df9cb0859f57/VideoClip/dfb521bf-371,2026-01-14T21:44:16Z
df44424b-d38d-412e-8bb3-df9cb0859f57,fd0a6fc9-ad4a-4074-85f4-77e19e3543de,VideoClip,,,EdgertronicVideos,Plays/fd0a6fc9-ad4a-4074-85f4-77e19e3543de/Edgertronic/0952bf2e-5893-4fbc-a794-7fc0e694251e.mov,CcvWxSwTaTce177e0A0mdg==,https://res.cloudinary.com/pitchingcoachu/video/upload/v1768426897/trackman/df44424b-d38d-412e-8bb3-df9cb0859f57/VideoClip/fd0a6fc9-ad4.mp4,trackman/df44424b-d38d-412e-8bb3-df9cb0859f57/VideoClip/fd0a6fc9-ad4,2026-01-14T21:44:16Z
df44424b-d38d-412e-8bb3-df9cb0859f57,fe675078-2a89-4c93-9695-67ae80f95fde,VideoClip,,,EdgertronicVideos,Plays/fe675078-2a89-4c93-9695-67ae80f95fde/Edgertronic/d685f5a8-9808-441a-85ea-8cf655435d25.mov,DBYIaknnEZy/sB0XJMSYSg==,https://res.cloudinary.com/pitchingcoachu/video/upload/v1768426899/trackman/df44424b-d38d-412e-8bb3-df9cb0859f57/VideoClip/fe675078-2a8.mp4,trackman/df44424b-d38d-412e-8bb3-df9cb0859f57/VideoClip/fe675078-2a8,2026-01-14T21:44:16Z
f34a6894-1d7d-43fe-89cf-f2dba09ae99e,0108c954-7a8c-4eb3-95c2-b8cd8dff132a,VideoClip,,,EdgertronicVideos,Plays/0108c954-7a8c-4eb3-95c2-b8cd8dff132a/Edgertronic/10e0486b-074f-424b-8374-96c6bc4dffe1.mov,1tTT6ncH6n1iUiGQbWXLQw==,https://res.cloudinary.com/pitchingcoachu/video/upload/v1768426905/trackman/f34a6894-1d7d-43fe-89cf-f2dba09ae99e/VideoClip/0108c954-7a8.mp4,trackman/f34a6894-1d7d-43fe-89cf-f2dba09ae99e/VideoClip/0108c954-7a8,2026-01-14T21:44:19Z
f34a6894-1d7d-43fe-89cf-f2dba09ae99e,04f0531f-e337-4aaf-a34e-b8a4bf52806c,VideoClip,,,EdgertronicVideos,Plays/04f0531f-e337-4aaf-a34e-b8a4bf52806c/Edgertronic/6425e704-3b92-4a2a-b5df-5ccd39ba39f5.mov,c1e7+QFtFW5RUvFeUYHbWQ==,https://res.cloudinary.com/pitchingcoachu/video/upload/v1768426907/trackman/f34a6894-1d7d-43fe-89cf-f2dba09ae99e/VideoClip/04f0531f-e33.mp4,trackman/f34a6894-1d7d-43fe-89cf-f2dba09ae99e/VideoClip/04f0531f-e33,2026-01-14T21:44:19Z
f34a6894-1d7d-43fe-89cf-f2dba09ae99e,09aa2ba1-874a-4768-b5a8-92aa3ee2d742,VideoClip,,,EdgertronicVideos,Plays/09aa2ba1-874a-4768-b5a8-92aa3ee2d742/Edgertronic/9e3ccc7b-8525-4782-95b4-b177fc57db3c.mov,UskuysvR50X3+1zXgDoz1g==,https://res.cloudinary.com/pitchingcoachu/video/upload/v1768426908/trackman/f34a6894-1d7d-43fe-89cf-f2dba09ae99e/VideoClip/09aa2ba1-874.mp4,trackman/f34a6894-1d7d-43fe-89cf-f2dba09ae99e/VideoClip/09aa2ba1-874,2026-01-14T21:44:19Z
f34a6894-1d7d-43fe-89cf-f2dba09ae99e,1c1c4dbe-577e-482c-883d-ca4cb6567ddb,VideoClip,,,EdgertronicVideos,Plays/1c1c4dbe-577e-482c-883d-ca4cb6567ddb/Edgertronic/5cfdc519-f904-4944-a946-dcabc90ae599.mov,Co/1kEApd1sNxGxuY+iDIw==,https://res.cloudinary.com/pitchingcoachu/video/upload/v1768426910/trackman/f34a6894-1d7d-43fe-89cf-f2dba09ae99e/VideoClip/1c1c4dbe-577.mp4,trackman/f34a6894-1d7d-43fe-89cf-f2dba09ae99e/VideoClip/1c1c4dbe-577,2026-01-14T21:44:20Z
f34a6894-1d7d-43fe-89cf-f2dba09ae99e,1d219eca-706e-4fa3-8808-c2d6234ee31e,VideoClip,,,EdgertronicVideos,Plays/1d219eca-706e-4fa3-8808-c2d6234ee31e/Edgertronic/bb1caa90-895b-4d4c-9160-7c3780554342.mov,7lNMO7xdz1Of/3QhkDu20Q==,https://res.cloudinary.com/pitchingcoachu/video/upload/v1768426912/trackman/f34a6894-1d7d-43fe-89cf-f2dba09ae99e/VideoClip/1d219eca-706.mp4,trackman/f34a6894-1d7d-43fe-89cf-f2dba09ae99e/VideoClip/1d219eca-706,2026-01-14T21:44:20Z
f34a6894-1d7d-43fe-89cf-f2dba09ae99e,4cdbd578-a187-4b39-81d9-131f7fadc4d9,VideoClip,,,EdgertronicVideos,Plays/4cdbd578-a187-4b39-81d9-131f7fadc4d9/Edgertronic/239bcbfc-4fac-4ecd-8a21-3e5efaf3397e.mov,urcvDXL/BEKvP1ISvj8D5A==,https://res.cloudinary.com/pitchingcoachu/video/upload/v1768426914/trackman/f34a6894-1d7d-43fe-89cf-f2dba09ae99e/VideoClip/4cdbd578-a18.mp4,trackman/f34a6894-1d7d-43fe-89cf-f2dba09ae99e/VideoClip/4cdbd578-a18,2026-01-14T21:44:20Z
f34a6894-1d7d-43fe-89cf-f2dba09ae99e,57121469-17a0-4d21-ba0d-3be15bd094d0,VideoClip,,,EdgertronicVideos,Plays/57121469-17a0-4d21-ba0d-3be15bd094d0/Edgertronic/1ebf7fe2-793b-4b0f-9ed9-ea764c2b77d7.mov,mmRN/Ucf1ceSt+CaJ0Mhug==,https://res.cloudinary.com/pitchingcoachu/video/upload/v1768426915/trackman/f34a6894-1d7d-43fe-89cf-f2dba09ae99e/VideoClip/57121469-17a.mp4,trackman/f34a6894-1d7d-43fe-89cf-f2dba09ae99e/VideoClip/57121469-17a,2026-01-14T21:44:21Z
f34a6894-1d7d-43fe-89cf-f2dba09ae99e,58d16f4f-38d5-4a47-9f9b-359a0c51773c,VideoClip,,,EdgertronicVideos,Plays/58d16f4f-38d5-4a47-9f9b-359a0c51773c/Edgertronic/2e5135a9-492f-4a39-a7d4-e7a12a1725da.mov,YJhsvrCCt4zhyzb/jiNOWQ==,https://res.cloudinary.com/pitchingcoachu/video/upload/v1768426917/trackman/f34a6894-1d7d-43fe-89cf-f2dba09ae99e/VideoClip/58d16f4f-38d.mp4,trackman/f34a6894-1d7d-43fe-89cf-f2dba09ae99e/VideoClip/58d16f4f-38d,2026-01-14T21:44:21Z
f34a6894-1d7d-43fe-89cf-f2dba09ae99e,606913df-ebd9-44a4-bd49-5111f41eb61c,VideoClip,,,EdgertronicVideos,Plays/606913df-ebd9-44a4-bd49-5111f41eb61c/Edgertronic/5d3f98b0-38c5-4a10-a1fb-55535638f52b.mov,aiX+ssWSltemSW0pXcXIwQ==,https://res.cloudinary.com/pitchingcoachu/video/upload/v1768426919/trackman/f34a6894-1d7d-43fe-89cf-f2dba09ae99e/VideoClip/606913df-ebd.mp4,trackman/f34a6894-1d7d-43fe-89cf-f2dba09ae99e/VideoClip/606913df-ebd,2026-01-14T21:44:21Z
f34a6894-1d7d-43fe-89cf-f2dba09ae99e,60a5e395-5006-498f-818c-4b676c39b609,VideoClip,,,EdgertronicVideos,Plays/60a5e395-5006-498f-818c-4b676c39b609/Edgertronic/fe03fc92-3b67-4d61-ba62-4e4b3fb77b3c.mov,/Q+L38uQizzj/EPYQhfNsQ==,https://res.cloudinary.com/pitchingcoachu/video/upload/v1768426920/trackman/f34a6894-1d7d-43fe-89cf-f2dba09ae99e/VideoClip/60a5e395-500.mp4,trackman/f34a6894-1d7d-43fe-89cf-f2dba09ae99e/VideoClip/60a5e395-500,2026-01-14T21:44:22Z
f34a6894-1d7d-43fe-89cf-f2dba09ae99e,7785a713-d8c3-4d55-a175-a3e1a7efd165,VideoClip,,,EdgertronicVideos,Plays/7785a713-d8c3-4d55-a175-a3e1a7efd165/Edgertronic/def907df-b646-491a-a924-ac2fe1612b8e.mov,FjNhAjbfNvUeKBlNPITpyw==,https://res.cloudinary.com/pitchingcoachu/video/upload/v1768426922/trackman/f34a6894-1d7d-43fe-89cf-f2dba09ae99e/VideoClip/7785a713-d8c.mp4,trackman/f34a6894-1d7d-43fe-89cf-f2dba09ae99e/VideoClip/7785a713-d8c,2026-01-14T21:44:22Z
f34a6894-1d7d-43fe-89cf-f2dba09ae99e,8de964c7-4545-4904-9543-0c670b953965,VideoClip,,,EdgertronicVideos,Plays/8de964c7-4545-4904-9543-0c670b953965/Edgertronic/a3981fa9-4bab-4ca9-a69d-dc13f8ac20a1.mov,2+xq1VMb9oshcc77P8nsYg==,https://res.cloudinary.com/pitchingcoachu/video/upload/v1768426929/trackman/f34a6894-1d7d-43fe-89cf-f2dba09ae99e/VideoClip/8de964c7-454.mp4,trackman/f34a6894-1d7d-43fe-89cf-f2dba09ae99e/VideoClip/8de964c7-454,2026-01-14T21:44:22Z
f34a6894-1d7d-43fe-89cf-f2dba09ae99e,9fe7ba3c-a9bc-42e7-ad01-8016883a3712,VideoClip,,,EdgertronicVideos,Plays/9fe7ba3c-a9bc-42e7-ad01-8016883a3712/Edgertronic/4b6d04ca-dfe6-4556-bd3c-45b44de84e75.mov,WRPv8WCEfaV/FB28swZPNw==,https://res.cloudinary.com/pitchingcoachu/video/upload/v1768426945/trackman/f34a6894-1d7d-43fe-89cf-f2dba09ae99e/VideoClip/9fe7ba3c-a9b.mp4,trackman/f34a6894-1d7d-43fe-89cf-f2dba09ae99e/VideoClip/9fe7ba3c-a9b,2026-01-14T21:44:23Z
f34a6894-1d7d-43fe-89cf-f2dba09ae99e,ed8ec3be-d41a-4cf5-97cd-0611e62312d6,VideoClip,,,EdgertronicVideos,Plays/ed8ec3be-d41a-4cf5-97cd-0611e62312d6/Edgertronic/8a4702ac-ccbf-4703-9773-cd5c6363dd6d.mov,EnWhYIU3F9duGXx91OMN3A==,https://res.cloudinary.com/pitchingcoachu/video/upload/v1768426946/trackman/f34a6894-1d7d-43fe-89cf-f2dba09ae99e/VideoClip/ed8ec3be-d41.mp4,trackman/f34a6894-1d7d-43fe-89cf-f2dba09ae99e/VideoClip/ed8ec3be-d41,2026-01-14T21:44:23Z
f34a6894-1d7d-43fe-89cf-f2dba09ae99e,f4c7257a-c0cb-405a-bdc3-f3f0814a8b99,VideoClip,,,EdgertronicVideos,Plays/f4c7257a-c0cb-405a-bdc3-f3f0814a8b99/Edgertronic/fda6b37b-cf55-4758-8d16-be204a755d86.mov,mJpDUWRxrelcYH79dxyOag==,https://res.cloudinary.com/pitchingcoachu/video/upload/v1768426948/trackman/f34a6894-1d7d-43fe-89cf-f2dba09ae99e/VideoClip/f4c7257a-c0c.mp4,trackman/f34a6894-1d7d-43fe-89cf-f2dba09ae99e/VideoClip/f4c7257a-c0c,2026-01-14T21:44:23Z
f34a6894-1d7d-43fe-89cf-f2dba09ae99e,ff4a8901-52f8-4c79-ab31-a65df2155605,VideoClip,,,EdgertronicVideos,Plays/ff4a8901-52f8-4c79-ab31-a65df2155605/Edgertronic/9dc6a13a-5f42-4deb-9bf4-ade92525094e.mov,Z9vGif4XPidrd09MNBSKPw==,https://res.cloudinary.com/pitchingcoachu/video/upload/v1768426950/trackman/f34a6894-1d7d-43fe-89cf-f2dba09ae99e/VideoClip/ff4a8901-52f.mp4,trackman/f34a6894-1d7d-43fe-89cf-f2dba09ae99e/VideoClip/ff4a8901-52f,2026-01-14T21:44:23Z
20f0b732-1bee-496d-9ecf-0491a893edbb,11571017-09fc-4fcd-8c68-df457b7213df,VideoClip,,,EdgertronicVideos,Plays/11571017-09fc-4fcd-8c68-df457b7213df/Edgertronic/0451d148-10c4-4265-84e0-f2e873030329.mov,HBGcSSc7ttORIDGUk8OPjQ==,https://res.cloudinary.com/pitchingcoachu/video/upload/v1768426955/trackman/20f0b732-1bee-496d-9ecf-0491a893edbb/VideoClip/11571017-09f.mp4,trackman/20f0b732-1bee-496d-9ecf-0491a893edbb/VideoClip/11571017-09f,2026-01-14T21:44:25Z
20f0b732-1bee-496d-9ecf-0491a893edbb,5e68ea57-3d5c-4d73-b4cc-8d4f5fc5d1a8,VideoClip,,,EdgertronicVideos,Plays/5e68ea57-3d5c-4d73-b4cc-8d4f5fc5d1a8/Edgertronic/53c96e3b-028e-4e2f-ba2e-dfa2703e261b.mov,NJFRxvcE92x7QWri96aBPA==,https://res.cloudinary.com/pitchingcoachu/video/upload/v1768426956/trackman/20f0b732-1bee-496d-9ecf-0491a893edbb/VideoClip/5e68ea57-3d5.mp4,trackman/20f0b732-1bee-496d-9ecf-0491a893edbb/VideoClip/5e68ea57-3d5,2026-01-14T21:44:25Z
20f0b732-1bee-496d-9ecf-0491a893edbb,7aa52780-952d-49d9-84e2-7a60858f048f,VideoClip,,,EdgertronicVideos,Plays/7aa52780-952d-49d9-84e2-7a60858f048f/Edgertronic/aabf9374-45aa-4c1d-88bd-7a7808fc4acc.mov,TO40TI9PMu6eRyGR2jaV2Q==,https://res.cloudinary.com/pitchingcoachu/video/upload/v1768426959/trackman/20f0b732-1bee-496d-9ecf-0491a893edbb/VideoClip/7aa52780-952.mp4,trackman/20f0b732-1bee-496d-9ecf-0491a893edbb/VideoClip/7aa52780-952,2026-01-14T21:44:26Z
20f0b732-1bee-496d-9ecf-0491a893edbb,8ee9dc2c-b61d-4e72-8d94-21f5dff3e8b9,VideoClip,,,EdgertronicVideos,Plays/8ee9dc2c-b61d-4e72-8d94-21f5dff3e8b9/Edgertronic/4d2f07cf-db5b-4523-bff0-0ac42ae905b5.mov,QyTto4oEM7+lIActrH7dXA==,https://res.cloudinary.com/pitchingcoachu/video/upload/v1768426961/trackman/20f0b732-1bee-496d-9ecf-0491a893edbb/VideoClip/8ee9dc2c-b61.mp4,trackman/20f0b732-1bee-496d-9ecf-0491a893edbb/VideoClip/8ee9dc2c-b61,2026-01-14T21:44:26Z
20f0b732-1bee-496d-9ecf-0491a893edbb,a2bbac9a-4cf2-480e-bff7-b979373cc8f7,VideoClip,,,EdgertronicVideos,Plays/a2bbac9a-4cf2-480e-bff7-b979373cc8f7/Edgertronic/fade840d-8c07-4933-a299-7c6caf17a229.mov,pJ7AKGpo52//jQ2FZZdhhw==,https://res.cloudinary.com/pitchingcoachu/video/upload/v1768426962/trackman/20f0b732-1bee-496d-9ecf-0491a893edbb/VideoClip/a2bbac9a-4cf.mp4,trackman/20f0b732-1bee-496d-9ecf-0491a893edbb/VideoClip/a2bbac9a-4cf,2026-01-14T21:44:26Z
20f0b732-1bee-496d-9ecf-0491a893edbb,a4bf6767-7f17-4240-a420-ac9ca96ee7f7,VideoClip,,,EdgertronicVideos,Plays/a4bf6767-7f17-4240-a420-ac9ca96ee7f7/Edgertronic/088163ae-499d-4373-9ff8-0097a60fc647.mov,Cj1Dut4ygeXulYhbVRPaoA==,https://res.cloudinary.com/pitchingcoachu/video/upload/v1768426965/trackman/20f0b732-1bee-496d-9ecf-0491a893edbb/VideoClip/a4bf6767-7f1.mp4,trackman/20f0b732-1bee-496d-9ecf-0491a893edbb/VideoClip/a4bf6767-7f1,2026-01-14T21:44:26Z
20f0b732-1bee-496d-9ecf-0491a893edbb,a71f1b68-8d0c-4b5b-9025-1d3b101bb32e,VideoClip,,,EdgertronicVideos,Plays/a71f1b68-8d0c-4b5b-9025-1d3b101bb32e/Edgertronic/90fcf09a-1a70-4aa2-a9d9-645c250b1af8.mov,KqjrdCVZRer0ZPyBU+7zRQ==,https://res.cloudinary.com/pitchingcoachu/video/upload/v1768426967/trackman/20f0b732-1bee-496d-9ecf-0491a893edbb/VideoClip/a71f1b68-8d0.mp4,trackman/20f0b732-1bee-496d-9ecf-0491a893edbb/VideoClip/a71f1b68-8d0,2026-01-14T21:44:26Z
20f0b732-1bee-496d-9ecf-0491a893edbb,ab6eb964-ddc1-482b-ab67-f6ac89f342c7,VideoClip,,,EdgertronicVideos,Plays/ab6eb964-ddc1-482b-ab67-f6ac89f342c7/Edgertronic/589926c2-1527-4d20-9afd-0eeccf40d66a.mov,DIpHN/Mri0QP4A6SPvxe7g==,https://res.cloudinary.com/pitchingcoachu/video/upload/v1768426969/trackman/20f0b732-1bee-496d-9ecf-0491a893edbb/VideoClip/ab6eb964-ddc.mp4,trackman/20f0b732-1bee-496d-9ecf-0491a893edbb/VideoClip/ab6eb964-ddc,2026-01-14T21:44:27Z
20f0b732-1bee-496d-9ecf-0491a893edbb,b2f1ae20-fdb3-4ff9-87f5-43bd452f02d5,VideoClip,,,EdgertronicVideos,Plays/b2f1ae20-fdb3-4ff9-87f5-43bd452f02d5/Edgertronic/e8616c0a-2705-466e-8b54-ad52c957f324.mov,83TYaQ0PGPoiLcUem5HIdA==,https://res.cloudinary.com/pitchingcoachu/video/upload/v1768426970/trackman/20f0b732-1bee-496d-9ecf-0491a893edbb/VideoClip/b2f1ae20-fdb.mp4,trackman/20f0b732-1bee-496d-9ecf-0491a893edbb/VideoClip/b2f1ae20-fdb,2026-01-14T21:44:27Z
20f0b732-1bee-496d-9ecf-0491a893edbb,ceeb1075-67ab-47d6-8fcc-add0e3f81ab3,VideoClip,,,EdgertronicVideos,Plays/ceeb1075-67ab-47d6-8fcc-add0e3f81ab3/Edgertronic/c9a535f1-aacd-4f17-a3ae-01106df3150a.mov,aumkrjxy5+Ej5WgFYdCZIQ==,https://res.cloudinary.com/pitchingcoachu/video/upload/v1768426972/trackman/20f0b732-1bee-496d-9ecf-0491a893edbb/VideoClip/ceeb1075-67a.mp4,trackman/20f0b732-1bee-496d-9ecf-0491a893edbb/VideoClip/ceeb1075-67a,2026-01-14T21:44:27Z
20f0b732-1bee-496d-9ecf-0491a893edbb,dee2f296-5af3-4f07-9459-0003175c3282,VideoClip,,,EdgertronicVideos,Plays/dee2f296-5af3-4f07-9459-0003175c3282/Edgertronic/ec14c349-6d96-4ea9-9d9c-35d933f38a43.mov,FF1OEdu3tzJiL1N0PU1mvw==,https://res.cloudinary.com/pitchingcoachu/video/upload/v1768426973/trackman/20f0b732-1bee-496d-9ecf-0491a893edbb/VideoClip/dee2f296-5af.mp4,trackman/20f0b732-1bee-496d-9ecf-0491a893edbb/VideoClip/dee2f296-5af,2026-01-14T21:44:27Z
20f0b732-1bee-496d-9ecf-0491a893edbb,e6ec5bbd-28e5-4769-bfad-5c258ebc0140,VideoClip,,,EdgertronicVideos,Plays/e6ec5bbd-28e5-4769-bfad-5c258ebc0140/Edgertronic/421f158a-8535-468b-b3b6-3bc440eb999d.mov,FyZgR5/JpTEx90gJAy9amw==,https://res.cloudinary.com/pitchingcoachu/video/upload/v1768426975/trackman/20f0b732-1bee-496d-9ecf-0491a893edbb/VideoClip/e6ec5bbd-28e.mp4,trackman/20f0b732-1bee-496d-9ecf-0491a893edbb/VideoClip/e6ec5bbd-28e,2026-01-14T21:44:28Z
20f0b732-1bee-496d-9ecf-0491a893edbb,f5222855-63a4-415a-8dd1-757ec04e0a65,VideoClip,,,EdgertronicVideos,Plays/f5222855-63a4-415a-8dd1-757ec04e0a65/Edgertronic/f103a1c2-717d-422e-8ecf-985db370b59a.mov,bTDqVR1xEY5dAoVjshAxgw==,https://res.cloudinary.com/pitchingcoachu/video/upload/v1768426976/trackman/20f0b732-1bee-496d-9ecf-0491a893edbb/VideoClip/f5222855-63a.mp4,trackman/20f0b732-1bee-496d-9ecf-0491a893edbb/VideoClip/f5222855-63a,2026-01-14T21:44:28Z
20f0b732-1bee-496d-9ecf-0491a893edbb,f58fd72c-bb5f-42d3-8974-4e15a9eee660,VideoClip,,,EdgertronicVideos,Plays/f58fd72c-bb5f-42d3-8974-4e15a9eee660/Edgertronic/2a1d2c53-71fd-4f3c-aaa9-ba58531bb15a.mov,xTGlCNZCquB4hSQQDkZvpA==,https://res.cloudinary.com/pitchingcoachu/video/upload/v1768426978/trackman/20f0b732-1bee-496d-9ecf-0491a893edbb/VideoClip/f58fd72c-bb5.mp4,trackman/20f0b732-1bee-496d-9ecf-0491a893edbb/VideoClip/f58fd72c-bb5,2026-01-14T21:44:28Z
